Name,Mean_10,std_10,Mean_50,std_50,Mean_100,std_100
WT,2.082473686,0.147975235,0.150514998,0.150514998,0.150514998,0.150514998
SPM,1.965347194,0.224984504,0.150514998,0.150514998,0,0
"gRNA
+
SPM only",2.637503563,0.050916259,2.566232309,0.122187513,2.382371929,0.0990707
"gRNA
+
library",3.797651089,0.102169413,3.753528341,0.058046665,3.646429174,0.071241329
